Index,Name,Club,Start Date,From,End Date,Until,adjustedStartDate
0,Julen Lopetegui,Wolverhampton Wanderers,2022-11-14 00:00:00,14 November 2022,,,2022-11-14 00:00:00
1,Marco Silva,Fulham,2021-07-01 00:00:00,1 July 2021,,,2021-07-01 00:00:00
2,Erik ten Hag,Manchester United,2022-06-01 00:00:00,1 June 2022,,,2022-06-01 00:00:00
3,Gary O'Neil,Bournemouth,2022-08-30 00:00:00,2022-08-30 00:00:00,,,2022-08-30 00:00:00
4,Unai Emery,Aston Villa,2022-11-01 00:00:00,1 November 2022,,,2022-11-01 00:00:00
5,Jesse Marsch,Leeds United,2022-02-28 00:00:00,28 February 2022,,,2022-02-28 00:00:00
6,Steve Cooper,Nottingham Forest,2021-09-21 00:00:00,21 September 2021,,,2021-09-21 00:00:00
7,Frank Lampard,Everton,2022-01-31 00:00:00,31 January 2022,,,2022-01-31 00:00:00
8,Roberto De Zerbi,Brighton & Hove Albion,2022-09-18 00:00:00,2022-09-18 00:00:00,,,2022-09-18 00:00:00
9,Graham Potter,Chelsea,2022-09-08 00:00:00,8 September 2022,,,2022-09-08 00:00:00
10,Nathan Jones,Southampton,2022-11-10 00:00:00,10 November 2022,,,2022-11-10 00:00:00
11,Roy Hodgson,Watford,2022-01-25 00:00:00,25 January 2022,2022-05-22 00:00:00,22 May 2022,2022-01-25 00:00:00
12,Steve Davis,Wolverhampton Wanderers,2022-10-03 00:00:00,3 October 2022,2022-11-13 00:00:00,13 November 2022,2022-10-03 00:00:00
13,Scott Parker,Bournemouth,2021-06-28 00:00:00,28 June 2021,2022-08-30 00:00:00,30 August 2022,2021-06-28 00:00:00
14,Aaron Danks,Aston Villa,2022-10-21 00:00:00,21 October 2022,2022-10-31 00:00:00,31 October 2022,2022-10-21 00:00:00
15,Mike Jackson,Burnley,2022-04-15 00:00:00,15 April 2022,2022-05-22 00:00:00,22 May 2022,2022-04-15 00:00:00
16,Duncan Ferguson,Everton,2022-01-18 00:00:00,18 January 2022,2022-01-31 00:00:00,31 January 2022,2022-01-18 00:00:00
17,Rubén Sellés,Southampton,2022-11-07 00:00:00,7 November 2022,2022-11-10 00:00:00,10 November 2022,2022-11-07 00:00:00
18,Bruno Lage,Wolverhampton Wanderers,2021-06-09 00:00:00,9 June 2021,2022-10-02 00:00:00,2 October 2022,2021-06-09 00:00:00
19,Claudio Ranieri,Watford,2021-10-04 00:00:00,4 October 2021,2022-01-24 00:00:00,24 January 2022,2021-10-04 00:00:00
20,Steven Gerrard,Aston Villa,2021-11-11 00:00:00,11 November 2021,2022-10-20 00:00:00,20 October 2022,2021-11-11 00:00:00
21,Ralf Rangnick,Manchester United,2021-12-03 00:00:00,3 December 2021,2022-05-22 00:00:00,22 May 2022,2021-12-03 00:00:00
22,Dean Smith §,Norwich City,2021-11-15 00:00:00,15 November 2021,,,2021-11-15 00:00:00
23,Thomas Tuchel,Chelsea,2021-01-26 00:00:00,26 January 2021,2022-09-07 00:00:00,7 September 2022,2021-01-26 00:00:00
24,Rafael Benítez,Everton,2021-06-30 00:00:00,30 June 2021,2022-01-16 00:00:00,16 January 2022,2021-06-30 00:00:00
25,Antonio Conte,Tottenham Hotspur,2021-11-02 00:00:00,2 November 2021,,,2021-11-02 00:00:00
26,Patrick Vieira,Crystal Palace,2021-07-04 00:00:00,4 July 2021,,,2021-07-04 00:00:00
27,Eddie Howe,Newcastle United,2021-11-08 00:00:00,8 November 2021,,,2021-11-08 00:00:00
28,Thomas Frank,Brentford,2018-10-16 00:00:00,16 October 2018,,,2018-10-16 00:00:00
29,Xisco Muñoz,Watford,2020-12-20 00:00:00,20 December 2020,2021-10-03 00:00:00,3 October 2021,2020-12-20 00:00:00
30,Paul Heckingbottom,Sheffield United,2021-03-13 00:00:00,13 March 2021,2021-05-27 00:00:00,27 May 2021,2021-03-13 00:00:00
31,Ryan Mason,Tottenham Hotspur,2021-04-19 00:00:00,19 April 2021,2021-06-30 00:00:00,30 June 2021,2021-04-19 00:00:00
32,Nuno Espírito Santo,Tottenham Hotspur,2021-06-30 00:00:00,30 June 2021,2021-11-01 00:00:00,1 November 2021,2021-06-30 00:00:00
33,Michael Carrick,Manchester United,2021-11-21 00:00:00,21 November 2021,2021-12-02 00:00:00,2 December 2021,2021-11-21 00:00:00
34,Graeme Jones,Newcastle United,2021-10-20 00:00:00,20 October 2021,2021-11-08 00:00:00,8 November 2021,2021-10-20 00:00:00
35,Marcelo Bielsa,Leeds United,2018-06-15 00:00:00,15 June 2018,2022-02-27 00:00:00,27 February 2022,2018-06-15 00:00:00
36,Sam Allardyce,West Bromwich Albion,2020-12-16 00:00:00,16 December 2020,2021-05-23 00:00:00,23 May 2021,2020-12-16 00:00:00
37,Hayden Mullins,Watford,2020-07-19 00:00:00,19 July 2020,2020-08-15 00:00:00,15 August 2020,2020-07-19 00:00:00
38,Slaven Bili?,West Bromwich Albion,2019-06-13 00:00:00,13 June 2019,2020-12-16 00:00:00,16 December 2020,2019-06-13 00:00:00
39,Graham Potter,Brighton & Hove Albion,2019-05-20 00:00:00,20 May 2019,2022-09-08 00:00:00,8 September 2022,2019-05-20 00:00:00
40,José Mourinho,Tottenham Hotspur,2019-11-20 00:00:00,20 November 2019,2021-04-19 00:00:00,19 April 2021,2019-11-20 00:00:00
41,Steve Bruce,Newcastle United,2019-07-17 00:00:00,17 July 2019,2021-10-20 00:00:00,20 October 2021,2019-07-17 00:00:00
42,Chris Wilder,Sheffield United,2016-05-12 00:00:00,12 May 2016,2021-03-13 00:00:00,13 March 2021,2016-05-12 00:00:00
43,Frank Lampard,Chelsea,2019-07-04 00:00:00,4 July 2019,2021-01-25 00:00:00,25 January 2021,2019-07-04 00:00:00
44,Dean Smith,Aston Villa,2018-10-10 00:00:00,10 October 2018,2021-11-07 00:00:00,7 November 2021,2018-10-10 00:00:00
45,Carlo Ancelotti,Everton,2019-12-22 00:00:00,22 December 2019,2021-06-01 00:00:00,1 June 2021,2019-12-22 00:00:00
46,Daniel Farke,Norwich City,2017-05-25 00:00:00,25 May 2017,2021-11-06 00:00:00,6 November 2021,2017-05-25 00:00:00
47,Nigel Pearson,Watford,2019-12-08 00:00:00,8 December 2019,2020-07-19 00:00:00,19 July 2020,2019-12-08 00:00:00
48,Brendan Rodgers,Leicester City,2019-02-27 00:00:00,27 February 2019,,,2019-02-27 00:00:00
49,David Moyes,West Ham United,2019-12-29 00:00:00,29 December 2019,,,2019-12-29 00:00:00
50,Mikel Arteta,Arsenal,2019-12-22 00:00:00,22 December 2019,,,2019-12-22 00:00:00
51,Scott Parker,Fulham,2019-02-28 00:00:00,2019-02-28 00:00:00,2021-06-28 00:00:00,28 June 2021,2019-02-28 00:00:00
52,Hayden Mullins,Watford,2019-12-02 00:00:00,2 December 2019,2019-12-07 00:00:00,7 December 2019,2019-12-02 00:00:00
53,Jan Siewert,Huddersfield Town,2019-01-21 00:00:00,21 January 2019,2019-08-16 00:00:00,16 August 2019,2019-01-21 00:00:00
54,Mark Hudson,Huddersfield Town,2019-01-14 00:00:00,14 January 2019,2019-01-21 00:00:00,21 January 2019,2019-01-14 00:00:00
55,Quique Sánchez Flores,Watford,2019-09-07 00:00:00,7 September 2019,2019-12-01 00:00:00,1 December 2019,2019-09-07 00:00:00
56,Mike Stowell,Leicester City,2019-02-24 00:00:00,24 February 2019,2019-02-26 00:00:00,26 February 2019,2019-02-24 00:00:00
57,Adam Sadler,Leicester City,2019-02-24 00:00:00,24 February 2019,2019-02-26 00:00:00,26 February 2019,2019-02-24 00:00:00
58,Freddie Ljungberg,Arsenal,2019-11-29 00:00:00,29 November 2019,2019-12-21 00:00:00,21 December 2019,2019-11-29 00:00:00
59,Duncan Ferguson,Everton,2019-12-05 00:00:00,5 December 2019,2019-12-21 00:00:00,21 December 2019,2019-12-05 00:00:00
60,Ralph Hasenhüttl,Southampton,2018-12-06 00:00:00,6 December 2018,2022-11-07 00:00:00,7 November 2022,2018-12-06 00:00:00
61,Nuno Espírito Santo,Wolverhampton Wanderers,2017-05-31 00:00:00,31 May 2017,2021-05-23 00:00:00,23 May 2021,2017-05-31 00:00:00
62,Ole Gunnar Solskjær,Manchester United,2018-12-19 00:00:00,2018-12-19 00:00:00,2021-11-21 00:00:00,21 November 2021,2018-12-19 00:00:00
63,Javi Gracia,Watford,2018-01-21 00:00:00,21 January 2018,2019-09-07 00:00:00,7 September 2019,2018-01-21 00:00:00
64,Claudio Ranieri,Fulham,2018-11-14 00:00:00,14 November 2018,2019-02-28 00:00:00,28 February 2019,2018-11-14 00:00:00
65,Manuel Pellegrini,West Ham United,2018-05-22 00:00:00,22 May 2018,2019-12-28 00:00:00,28 December 2019,2018-05-22 00:00:00
66,Marco Silva,Everton,2018-05-31 00:00:00,31 May 2018,2019-12-05 00:00:00,5 December 2019,2018-05-31 00:00:00
67,Unai Emery,Arsenal,2018-05-23 00:00:00,23 May 2018,2019-11-29 00:00:00,29 November 2019,2018-05-23 00:00:00
68,Maurizio Sarri,Chelsea,2018-07-14 00:00:00,14 July 2018,2019-06-16 00:00:00,16 June 2019,2018-07-14 00:00:00
69,Neil Warnock,Cardiff City,2016-10-05 00:00:00,5 October 2016,2019-11-11 00:00:00,11 November 2019,2016-10-05 00:00:00
70,Kelvin Davis,Southampton,2018-12-03 00:00:00,3 December 2018,2018-12-05 00:00:00,5 December 2018,2018-12-03 00:00:00
71,Eddie Niedzwiecki,Stoke City,2018-01-08 00:00:00,8 January 2018,2018-01-15 00:00:00,15 January 2018,2018-01-08 00:00:00
72,Mark Hughes,Southampton,2018-03-14 00:00:00,14 March 2018,2018-12-03 00:00:00,3 December 2018,2018-03-14 00:00:00
73,Slaviša Jokanovi?,Fulham,2015-12-27 00:00:00,27 December 2015,2018-11-14 00:00:00,14 November 2018,2015-12-27 00:00:00
74,Paul Lambert,Stoke City,2018-01-15 00:00:00,15 January 2018,2018-05-18 00:00:00,18 May 2018,2018-01-15 00:00:00
75,Darren Moore,West Bromwich Albion,2018-04-02 00:00:00,2018-04-02 00:00:00,2019-03-09 00:00:00,9 March 2019,2018-04-02 00:00:00
76,Roy Hodgson,Crystal Palace,2017-09-12 00:00:00,12 September 2017,2021-05-24 00:00:00,24 May 2021,2017-09-12 00:00:00
77,Chris Hughton,Brighton & Hove Albion,2014-12-31 00:00:00,31 December 2014,2019-05-13 00:00:00,13 May 2019,2014-12-31 00:00:00
78,Claude Puel,Leicester City,2017-10-25 00:00:00,25 October 2017,2019-02-24 00:00:00,24 February 2019,2017-10-25 00:00:00
79,David Wagner,Huddersfield Town,2015-11-09 00:00:00,9 November 2015,2019-01-14 00:00:00,14 January 2019,2015-11-09 00:00:00
80,Mauricio Pellegrino,Southampton,2017-06-23 00:00:00,23 June 2017,2018-03-12 00:00:00,12 March 2018,2017-06-23 00:00:00
81,Carlos Carvalhal,Swansea City,2017-12-28 00:00:00,28 December 2017,2018-05-18 00:00:00,18 May 2018,2017-12-28 00:00:00
82,Sam Allardyce,Everton,2017-11-30 00:00:00,30 November 2017,2018-05-16 00:00:00,16 May 2018,2017-11-30 00:00:00
83,David Moyes,West Ham United,2017-11-07 00:00:00,7 November 2017,2018-05-16 00:00:00,16 May 2018,2017-11-07 00:00:00
84,Marco Silva,Watford,2017-05-27 00:00:00,27 May 2017,2018-01-21 00:00:00,21 January 2018,2017-05-27 00:00:00
85,Alan Pardew,West Bromwich Albion,2017-11-29 00:00:00,29 November 2017,2018-04-02 00:00:00,2 April 2018,2017-11-29 00:00:00
86,Michael Appleton,Leicester City,2017-10-17 00:00:00,17 October 2017,2017-10-25 00:00:00,25 October 2017,2017-10-17 00:00:00
87,Leon Britton,Swansea City,2017-12-20 00:00:00,20 December 2017,2017-12-28 00:00:00,28 December 2017,2017-12-20 00:00:00
88,Paul Clement,Swansea City,2017-01-03 00:00:00,3 January 2017,2017-12-20 00:00:00,20 December 2017,2017-01-03 00:00:00
89,Frank de Boer,Crystal Palace,2017-06-26 00:00:00,26 June 2017,2017-09-11 00:00:00,11 September 2017,2017-06-26 00:00:00
90,Marco Silva,Hull City,2017-01-05 00:00:00,5 January 2017,2017-05-25 00:00:00,25 May 2017,2017-01-05 00:00:00
91,Craig Shakespeare,Leicester City,2017-02-23 00:00:00,2017-02-23 00:00:00,2017-10-17 00:00:00,17 October 2017,2017-02-23 00:00:00
92,Steve Agnew,Middlesbrough,2017-03-16 00:00:00,16 March 2017,2017-06-09 00:00:00,9 June 2017,2017-03-16 00:00:00
93,David Unsworth,Everton,2017-10-23 00:00:00,23 October 2017,2017-11-30 00:00:00,30 November 2017,2017-10-23 00:00:00
94,Gary Megson,West Bromwich Albion,2017-11-20 00:00:00,20 November 2017,2017-11-29 00:00:00,29 November 2017,2017-11-20 00:00:00
95,Antonio Conte,Chelsea,2016-07-03 00:00:00,3 July 2016,2018-07-13 00:00:00,13 July 2018,2016-07-03 00:00:00
96,José Mourinho,Manchester United,2016-05-27 00:00:00,27 May 2016,2018-12-18 00:00:00,18 December 2018,2016-05-27 00:00:00
97,David Moyes,Sunderland,2016-07-23 00:00:00,23 July 2016,2017-05-22 00:00:00,22 May 2017,2016-07-23 00:00:00
98,Walter Mazzarri,Watford,2016-07-01 00:00:00,1 July 2016,2017-05-21 00:00:00,21 May 2017,2016-07-01 00:00:00
99,Mike Phelan,Hull City,2016-07-22 00:00:00,2016-07-22 00:00:00,2017-01-03 00:00:00,3 January 2017,2016-07-22 00:00:00
100,Ronald Koeman,Everton,2016-06-14 00:00:00,14 June 2016,2017-10-23 00:00:00,23 October 2017,2016-06-14 00:00:00
101,Sam Allardyce,Crystal Palace,2016-12-23 00:00:00,23 December 2016,2017-05-23 00:00:00,23 May 2017,2016-12-23 00:00:00
102,Alan Curtis,Swansea City,2016-12-27 00:00:00,27 December 2016,2017-01-03 00:00:00,3 January 2017,2016-12-27 00:00:00
103,Claude Puel,Southampton,2016-06-30 00:00:00,30 June 2016,2017-06-14 00:00:00,14 June 2017,2016-06-30 00:00:00
104,Aitor Karanka,Middlesbrough,2013-11-13 00:00:00,13 November 2013,2017-03-16 00:00:00,16 March 2017,2013-11-13 00:00:00
105,Pep Guardiola,Manchester City,2016-07-01 00:00:00,1 July 2016,,,2016-07-01 00:00:00
106,Rafael Benítez,Newcastle United,2016-03-11 00:00:00,11 March 2016,2019-06-30 00:00:00,30 June 2019,2016-03-11 00:00:00
107,Bob Bradley,Swansea City,2016-10-03 00:00:00,3 October 2016,2016-12-27 00:00:00,27 December 2016,2016-10-03 00:00:00
108,Eric Black,Aston Villa,2016-03-29 00:00:00,29 March 2016,2016-06-02 00:00:00,2 June 2016,2016-03-29 00:00:00
109,Francesco Guidolin,Swansea City,2016-01-18 00:00:00,18 January 2016,2016-10-03 00:00:00,3 October 2016,2016-01-18 00:00:00
110,David Unsworth,Everton,2016-05-12 00:00:00,12 May 2016,2016-06-14 00:00:00,14 June 2016,2016-05-12 00:00:00
111,Eddie Howe,Bournemouth,2012-10-12 00:00:00,12 October 2012,2020-08-01 00:00:00,1 August 2020,2012-10-12 00:00:00
112,Slaven Bili?,West Ham United,2015-06-09 00:00:00,9 June 2015,2017-11-06 00:00:00,6 November 2017,2015-06-09 00:00:00
113,Tony Pulis,West Bromwich Albion,2015-01-01 00:00:00,1 January 2015,2017-11-20 00:00:00,20 November 2017,2015-01-01 00:00:00
114,Claudio Ranieri,Leicester City,2015-07-13 00:00:00,13 July 2015,2017-02-23 00:00:00,23 February 2017,2015-07-13 00:00:00
115,Alex Neil,Norwich City,2015-01-09 00:00:00,9 January 2015,2017-03-10 00:00:00,10 March 2017,2015-01-09 00:00:00
116,Alan Pardew,Crystal Palace,2015-01-02 00:00:00,2 January 2015,2016-12-22 00:00:00,22 December 2016,2015-01-02 00:00:00
117,Rémi Garde,Aston Villa,2015-11-02 00:00:00,2 November 2015,2016-03-29 00:00:00,29 March 2016,2015-11-02 00:00:00
118,Guus Hiddink,Chelsea,2015-12-19 00:00:00,19 December 2015,2016-05-15 00:00:00,15 May 2016,2015-12-19 00:00:00
119,Alan Curtis,Swansea City,2015-12-09 00:00:00,9 December 2015,2016-01-18 00:00:00,18 January 2016,2015-12-09 00:00:00
120,Steve McClaren,Newcastle United,2015-06-10 00:00:00,10 June 2015,2016-03-11 00:00:00,11 March 2016,2015-06-10 00:00:00
121,Sam Allardyce,Sunderland,2015-10-09 00:00:00,9 October 2015,2016-07-22 00:00:00,22 July 2016,2015-10-09 00:00:00
122,Quique Sánchez Flores,Watford,2015-06-05 00:00:00,5 June 2015,2016-05-15 00:00:00,15 May 2016,2015-06-05 00:00:00
123,Jürgen Klopp,Liverpool,2015-10-08 00:00:00,8 October 2015,,,2015-10-08 00:00:00
124,Chris Ramsey,Queens Park Rangers,2015-02-03 00:00:00,2015-02-03 00:00:00,2015-11-04 00:00:00,4 November 2015,2015-02-03 00:00:00
125,Tim Sherwood,Aston Villa,2015-02-14 00:00:00,14 February 2015,2015-10-25 00:00:00,25 October 2015,2015-02-14 00:00:00
126,Kevin MacDonald,Aston Villa,2015-10-25 00:00:00,25 October 2015,2015-11-02 00:00:00,2 November 2015,2015-10-25 00:00:00
127,Dick Advocaat,Sunderland,2015-03-17 00:00:00,17 March 2015,2015-10-04 00:00:00,4 October 2015,2015-03-17 00:00:00
128,Scott Marshall,Aston Villa,2015-02-11 00:00:00,11 February 2015,2015-02-14 00:00:00,14 February 2015,2015-02-11 00:00:00
129,Kevin Bond,Queens Park Rangers,2015-02-03 00:00:00,3 February 2015,2015-02-12 00:00:00,12 February 2015,2015-02-03 00:00:00
130,John Carver,Newcastle United,2015-01-02 00:00:00,2015-01-02 00:00:00,2015-06-10 00:00:00,10 June 2015,2015-01-02 00:00:00
131,Steve Holland,Chelsea,2015-12-17 00:00:00,17 December 2015,2015-12-19 00:00:00,19 December 2015,2015-12-17 00:00:00
132,Mauricio Pochettino,Tottenham Hotspur,2014-05-27 00:00:00,27 May 2014,2019-11-19 00:00:00,19 November 2019,2014-05-27 00:00:00
133,Louis van Gaal,Manchester United,2014-07-14 00:00:00,14 July 2014,2016-05-23 00:00:00,23 May 2016,2014-07-14 00:00:00
134,Ronald Koeman,Southampton,2014-06-16 00:00:00,16 June 2014,2016-06-14 00:00:00,14 June 2016,2014-06-16 00:00:00
135,Sean Dyche,Burnley,2012-10-30 00:00:00,30 October 2012,2022-04-15 00:00:00,15 April 2022,2012-10-30 00:00:00
136,Rob Kelly,West Bromwich Albion,2014-12-29 00:00:00,29 December 2014,2015-01-01 00:00:00,1 January 2015,2014-12-29 00:00:00
137,Nigel Pearson,Leicester City,2011-11-15 00:00:00,15 November 2011,2015-06-30 00:00:00,30 June 2015,2011-11-15 00:00:00
138,Garry Monk,Swansea City,2014-02-04 00:00:00,4 February 2014,2015-12-09 00:00:00,9 December 2015,2014-02-04 00:00:00
139,Keith Millen,Crystal Palace,2014-12-27 00:00:00,27 December 2014,2015-01-02 00:00:00,2 January 2015,2014-12-27 00:00:00
140,Alan Irvine,West Bromwich Albion,2014-06-14 00:00:00,14 June 2014,2014-12-29 00:00:00,29 December 2014,2014-06-14 00:00:00
141,Pepe Mel,West Bromwich Albion,2014-01-09 00:00:00,9 January 2014,2014-05-12 00:00:00,12 May 2014,2014-01-09 00:00:00
142,Neil Adams,Norwich City,2014-04-06 00:00:00,6 April 2014,2015-01-05 00:00:00,5 January 2015,2014-04-06 00:00:00
143,Ryan Giggs,Manchester United,2014-04-22 00:00:00,22 April 2014,2014-05-11 00:00:00,11 May 2014,2014-04-22 00:00:00
144,Ole Gunnar Solskjær,Cardiff City,2014-01-02 00:00:00,2 January 2014,2014-09-18 00:00:00,18 September 2014,2014-01-02 00:00:00
145,Keith Millen,Crystal Palace,2014-08-14 00:00:00,14 August 2014,2014-08-27 00:00:00,27 August 2014,2014-08-14 00:00:00
146,Felix Magath,Fulham,2014-02-14 00:00:00,14 February 2014,2014-09-18 00:00:00,18 September 2014,2014-02-14 00:00:00
147,Neil Warnock,Crystal Palace,2014-08-27 00:00:00,27 August 2014,2014-12-27 00:00:00,27 December 2014,2014-08-27 00:00:00
148,Mark Hughes,Stoke City,2013-05-30 00:00:00,30 May 2013,2018-01-06 00:00:00,6 January 2018,2013-05-30 00:00:00
149,Roberto Martínez,Everton,2013-06-05 00:00:00,5 June 2013,2016-05-12 00:00:00,12 May 2016,2013-06-05 00:00:00
150,Manuel Pellegrini,Manchester City,2013-06-14 00:00:00,14 June 2013,2016-06-30 00:00:00,30 June 2016,2013-06-14 00:00:00
151,Steve Bruce,Hull City,2012-06-08 00:00:00,8 June 2012,2016-07-22 00:00:00,22 July 2016,2012-06-08 00:00:00
152,José Mourinho,Chelsea,2013-06-03 00:00:00,3 June 2013,2015-12-17 00:00:00,17 December 2015,2013-06-03 00:00:00
153,Gus Poyet,Sunderland,2013-10-08 00:00:00,8 October 2013,2015-03-16 00:00:00,16 March 2015,2013-10-08 00:00:00
154,Mauricio Pochettino,Southampton,2013-01-18 00:00:00,18 January 2013,2014-05-27 00:00:00,27 May 2014,2013-01-18 00:00:00
155,Tim Sherwood,Tottenham Hotspur,2013-12-16 00:00:00,16 December 2013,2014-05-13 00:00:00,13 May 2014,2013-12-16 00:00:00
156,Keith Downing,West Bromwich Albion,2013-12-14 00:00:00,14 December 2013,2014-01-09 00:00:00,9 January 2014,2013-12-14 00:00:00
157,David Moyes,Manchester United,2013-07-01 00:00:00,1 July 2013,2014-04-22 00:00:00,22 April 2014,2013-07-01 00:00:00
158,René Meulensteen,Fulham,2013-12-01 00:00:00,1 December 2013,2014-02-14 00:00:00,14 February 2014,2013-12-01 00:00:00
159,David Kerslake,Cardiff City,2013-12-27 00:00:00,27 December 2013,2014-01-02 00:00:00,2 January 2014,2013-12-27 00:00:00
160,Tony Pulis,Crystal Palace,2013-11-23 00:00:00,23 November 2013,2014-08-14 00:00:00,14 August 2014,2013-11-23 00:00:00
161,Malky Mackay,Cardiff City,2011-06-17 00:00:00,17 June 2011,2013-12-27 00:00:00,27 December 2013,2011-06-17 00:00:00
162,Brian Kidd,Manchester City,2013-05-13 00:00:00,13 May 2013,2013-06-14 00:00:00,14 June 2013,2013-05-13 00:00:00
163,Ian Holloway,Crystal Palace,2012-11-03 00:00:00,3 November 2012,2013-10-23 00:00:00,23 October 2013,2012-11-03 00:00:00
164,Nigel Adkins,Reading,2013-03-26 00:00:00,26 March 2013,2014-12-15 00:00:00,15 December 2014,2013-03-26 00:00:00
165,Keith Millen,Crystal Palace,2013-10-23 00:00:00,23 October 2013,2013-11-23 00:00:00,23 November 2013,2013-10-23 00:00:00
166,Kevin Ball,Sunderland,2013-09-22 00:00:00,22 September 2013,2013-10-08 00:00:00,8 October 2013,2013-09-22 00:00:00
167,Paolo Di Canio,Sunderland,2013-03-31 00:00:00,31 March 2013,2013-09-22 00:00:00,22 September 2013,2013-03-31 00:00:00
168,Brendan Rodgers,Liverpool,2012-06-01 00:00:00,1 June 2012,2015-10-04 00:00:00,4 October 2015,2012-06-01 00:00:00
169,Sam Allardyce,West Ham United,2011-06-01 00:00:00,1 June 2011,2015-05-24 00:00:00,24 May 2015,2011-06-01 00:00:00
170,Paul Lambert,Aston Villa,2012-06-02 00:00:00,2 June 2012,2015-02-11 00:00:00,11 February 2015,2012-06-02 00:00:00
171,Chris Hughton,Norwich City,2012-06-07 00:00:00,7 June 2012,2014-04-06 00:00:00,6 April 2014,2012-06-07 00:00:00
172,Michael Laudrup,Swansea City,2012-06-15 00:00:00,15 June 2012,2014-02-04 00:00:00,4 February 2014,2012-06-15 00:00:00
173,Harry Redknapp,Queens Park Rangers,2012-11-24 00:00:00,24 November 2012,2015-02-03 00:00:00,3 February 2015,2012-11-24 00:00:00
174,André Villas-Boas,Tottenham Hotspur,2012-07-06 00:00:00,6 July 2012,2013-12-16 00:00:00,16 December 2013,2012-07-06 00:00:00
175,Nigel Adkins,Southampton,2010-09-12 00:00:00,12 September 2010,2013-01-18 00:00:00,18 January 2013,2010-09-12 00:00:00
176,Rafael Benítez,Chelsea,2012-11-21 00:00:00,21 November 2012,2013-05-27 00:00:00,27 May 2013,2012-11-21 00:00:00
177,Steve Clarke,West Bromwich Albion,2012-06-08 00:00:00,8 June 2012,2013-12-14 00:00:00,14 December 2013,2012-06-08 00:00:00
178,Mark Bowen,Queens Park Rangers,2012-11-23 00:00:00,23 November 2012,2012-11-24 00:00:00,24 November 2012,2012-11-23 00:00:00
179,Roberto Di Matteo,Chelsea,2012-03-04 00:00:00,4 March 2012,2012-11-21 00:00:00,21 November 2012,2012-03-04 00:00:00
180,Mark Hughes,Queens Park Rangers,2012-01-10 00:00:00,10 January 2012,2012-11-23 00:00:00,23 November 2012,2012-01-10 00:00:00
181,Terry Connor,Wolverhampton Wanderers,2012-02-24 00:00:00,24 February 2012,2012-06-30 00:00:00,30 June 2012,2012-02-24 00:00:00
182,Martin Jol,Fulham,2011-06-07 00:00:00,7 June 2011,2013-12-01 00:00:00,1 December 2013,2011-06-07 00:00:00
183,Martin O'Neill,Sunderland,2011-12-03 00:00:00,3 December 2011,2013-03-30 00:00:00,30 March 2013,2011-12-03 00:00:00
184,Alex McLeish,Aston Villa,2011-06-17 00:00:00,17 June 2011,2012-05-14 00:00:00,14 May 2012,2011-06-17 00:00:00
185,Roy Hodgson,West Bromwich Albion,2011-02-14 00:00:00,14 February 2011,2012-05-13 00:00:00,13 May 2012,2011-02-14 00:00:00
186,Paul Lambert,Norwich City,2009-08-18 00:00:00,18 August 2009,2012-06-02 00:00:00,2 June 2012,2009-08-18 00:00:00
187,André Villas-Boas,Chelsea,2011-06-22 00:00:00,22 June 2011,2012-03-04 00:00:00,4 March 2012,2011-06-22 00:00:00
188,Neil Warnock,Queens Park Rangers,2010-03-01 00:00:00,1 March 2010,2012-01-08 00:00:00,8 January 2012,2010-03-01 00:00:00
189,Brendan Rodgers,Swansea City,2010-07-16 00:00:00,16 July 2010,2012-06-01 00:00:00,1 June 2012,2010-07-16 00:00:00
190,Kenny Dalglish,Liverpool,2011-01-08 00:00:00,8 January 2011,2012-05-16 00:00:00,16 May 2012,2011-01-08 00:00:00
191,Michael Appleton,West Bromwich Albion,2011-02-06 00:00:00,6 February 2011,2011-02-14 00:00:00,14 February 2011,2011-02-06 00:00:00
192,Kevin Keen,West Ham United,2011-05-15 00:00:00,15 May 2011,2011-06-01 00:00:00,1 June 2011,2011-05-15 00:00:00
193,Gary McAllister,Aston Villa,2011-04-23 00:00:00,23 April 2011,2011-05-22 00:00:00,22 May 2011,2011-04-23 00:00:00
194,Alan Pardew,Newcastle United,2010-12-09 00:00:00,9 December 2010,2015-01-02 00:00:00,2 January 2015,2010-12-09 00:00:00
195,Steve Kean,Blackburn Rovers,2010-12-13 00:00:00,13 December 2010,2012-09-28 00:00:00,28 September 2012,2010-12-13 00:00:00
196,Owen Coyle,Bolton Wanderers,2010-01-08 00:00:00,8 January 2010,2012-10-09 00:00:00,9 October 2012,2010-01-08 00:00:00
197,Roberto Di Matteo,West Bromwich Albion,2009-06-30 00:00:00,30 June 2009,2011-02-06 00:00:00,6 February 2011,2009-06-30 00:00:00
198,Roy Hodgson,Liverpool,2010-07-01 00:00:00,1 July 2010,2011-01-08 00:00:00,8 January 2011,2010-07-01 00:00:00
199,Gérard Houllier,Aston Villa,2010-09-08 00:00:00,8 September 2010,2011-06-01 00:00:00,1 June 2011,2010-09-08 00:00:00
200,Ian Holloway,Blackpool,2009-05-21 00:00:00,21 May 2009,2012-11-03 00:00:00,3 November 2012,2009-05-21 00:00:00
201,Avram Grant,West Ham United,2010-06-03 00:00:00,3 June 2010,2011-05-15 00:00:00,15 May 2011,2010-06-03 00:00:00
202,Mark Hughes,Fulham,2010-07-29 00:00:00,29 July 2010,2011-06-01 00:00:00,1 June 2011,2010-07-29 00:00:00
203,Brian Laws,Burnley,2010-01-13 00:00:00,13 January 2010,2010-12-29 00:00:00,29 December 2010,2010-01-13 00:00:00
204,Iain Dowie,Hull City,2010-03-17 00:00:00,2010-03-17 00:00:00,2010-05-09 00:00:00,9 May 2010,2010-03-17 00:00:00
205,Kevin MacDonald,Aston Villa,2010-08-09 00:00:00,9 August 2010,2010-09-08 00:00:00,8 September 2010,2010-08-09 00:00:00
206,Ray Lewington,Fulham,2010-07-01 00:00:00,1 July 2010,2010-07-29 00:00:00,29 July 2010,2010-07-01 00:00:00
207,Chris Hughton,Newcastle United,2009-06-01 00:00:00,1 June 2009,2010-12-06 00:00:00,6 December 2010,2009-06-01 00:00:00
208,Roberto Martínez,Wigan Athletic,2009-06-15 00:00:00,15 June 2009,2013-05-28 00:00:00,28 May 2013,2009-06-15 00:00:00
209,Brian McDermott,Reading,2009-12-17 00:00:00,17 December 2009,2013-03-11 00:00:00,11 March 2013,2009-12-17 00:00:00
210,Roberto Mancini,Manchester City,2009-12-19 00:00:00,19 December 2009,2013-05-13 00:00:00,13 May 2013,2009-12-19 00:00:00
211,Mick McCarthy,Wolverhampton Wanderers,2006-08-05 00:00:00,5 August 2006,2012-02-14 00:00:00,14 February 2012,2006-08-05 00:00:00
212,Steve Bruce,Sunderland,2009-06-03 00:00:00,3 June 2009,2011-11-30 00:00:00,30 November 2011,2009-06-03 00:00:00
213,Carlo Ancelotti,Chelsea,2009-07-01 00:00:00,1 July 2009,2011-05-22 00:00:00,22 May 2011,2009-07-01 00:00:00
214,Owen Coyle,Burnley,2007-11-27 00:00:00,27 November 2007,2010-01-05 00:00:00,5 January 2010,2007-11-27 00:00:00
215,Avram Grant,Portsmouth,2009-11-26 00:00:00,26 November 2009,2010-05-21 00:00:00,21 May 2010,2009-11-26 00:00:00
216,Guus Hiddink,Chelsea,2009-02-16 00:00:00,16 February 2009,2009-05-31 00:00:00,31 May 2009,2009-02-16 00:00:00
217,Ray Wilkins,Chelsea,2009-02-09 00:00:00,9 February 2009,2009-02-16 00:00:00,16 February 2009,2009-02-09 00:00:00
218,Alan Shearer,Newcastle United,2009-04-01 00:00:00,1 April 2009,2009-05-24 00:00:00,24 May 2009,2009-04-01 00:00:00
219,Paul Hart,Portsmouth,2009-02-09 00:00:00,9 February 2009,2009-11-24 00:00:00,24 November 2009,2009-02-09 00:00:00
220,Tony Pulis,Stoke City,2006-06-15 00:00:00,15 June 2006,2013-05-21 00:00:00,21 May 2013,2006-06-15 00:00:00
221,Harry Redknapp,Tottenham Hotspur,2008-10-26 00:00:00,26 October 2008,2012-06-13 00:00:00,13 June 2012,2008-10-26 00:00:00
222,Gianfranco Zola,West Ham United,2008-09-15 00:00:00,15 September 2008,2010-05-11 00:00:00,11 May 2010,2008-09-15 00:00:00
223,Sam Allardyce,Blackburn Rovers,2008-12-17 00:00:00,17 December 2008,2010-12-13 00:00:00,13 December 2010,2008-12-17 00:00:00
224,Tony Mowbray,West Bromwich Albion,2006-10-18 00:00:00,18 October 2006,2009-06-16 00:00:00,16 June 2009,2006-10-18 00:00:00
225,Luiz Felipe Scolari,Chelsea,2008-07-01 00:00:00,1 July 2008,2009-02-09 00:00:00,9 February 2009,2008-07-01 00:00:00
226,Joe Kinnear,Newcastle United,2008-09-29 00:00:00,29 September 2008,2009-04-01 00:00:00,1 April 2009,2008-09-29 00:00:00
227,Phil Brown,Hull City,2006-12-04 00:00:00,4 December 2006,2010-03-15 00:00:00,15 March 2010,2006-12-04 00:00:00
228,Mark Hughes,Manchester City,2008-06-04 00:00:00,4 June 2008,2009-12-19 00:00:00,19 December 2009,2008-06-04 00:00:00
229,Tony Adams,Portsmouth,2008-10-25 00:00:00,25 October 2008,2009-02-09 00:00:00,9 February 2009,2008-10-25 00:00:00
230,Ricky Sbragia,Sunderland,2008-12-04 00:00:00,4 December 2008,2009-05-24 00:00:00,24 May 2009,2008-12-04 00:00:00
231,Paul Ince,Blackburn Rovers,2008-06-22 00:00:00,22 June 2008,2008-12-16 00:00:00,16 December 2008,2008-06-22 00:00:00
232,Clive Allen,Tottenham Hotspur,2008-10-25 00:00:00,25 October 2008,2008-10-26 00:00:00,26 October 2008,2008-10-25 00:00:00
233,Chris Hughton,Newcastle United,2008-09-08 00:00:00,8 September 2008,2008-09-28 00:00:00,28 September 2008,2008-09-08 00:00:00
234,Kevin Keegan,Newcastle United,2008-01-16 00:00:00,16 January 2008,2008-09-04 00:00:00,4 September 2008,2008-01-16 00:00:00
235,Nigel Pearson,Newcastle United,2008-01-09 00:00:00,9 January 2008,2008-01-16 00:00:00,16 January 2008,2008-01-09 00:00:00
236,Joe Jordan,Portsmouth,2008-10-25 00:00:00,25 October 2008,2008-10-28 00:00:00,28 October 2008,2008-10-25 00:00:00
237,Kevin Keen,West Ham United,2008-09-03 00:00:00,3 September 2008,2008-09-15 00:00:00,15 September 2008,2008-09-03 00:00:00
238,Roy Hodgson,Fulham,2007-12-30 00:00:00,30 December 2007,2010-06-30 00:00:00,30 June 2010,2007-12-30 00:00:00
239,Gary Megson,Bolton Wanderers,2007-10-25 00:00:00,25 October 2007,2009-12-30 00:00:00,30 December 2009,2007-10-25 00:00:00
240,Steve Bruce,Wigan Athletic,2007-11-26 00:00:00,26 November 2007,2009-06-03 00:00:00,3 June 2009,2007-11-26 00:00:00
241,Alex McLeish,Birmingham City,2007-11-28 00:00:00,28 November 2007,2011-06-12 00:00:00,12 June 2011,2007-11-28 00:00:00
242,Avram Grant,Chelsea,2007-09-20 00:00:00,20 September 2007,2008-05-24 00:00:00,24 May 2008,2007-09-20 00:00:00
243,Paul Jewell,Derby County,2007-11-28 00:00:00,28 November 2007,2008-12-29 00:00:00,29 December 2008,2007-11-28 00:00:00
244,Roy Keane,Sunderland,2006-08-30 00:00:00,30 August 2006,2008-12-04 00:00:00,4 December 2008,2006-08-30 00:00:00
245,Juande Ramos,Tottenham Hotspur,2007-10-27 00:00:00,27 October 2007,2008-10-25 00:00:00,25 October 2008,2007-10-27 00:00:00
246,Sven-Göran Eriksson,Manchester City,2007-07-06 00:00:00,6 July 2007,2008-06-02 00:00:00,2 June 2008,2007-07-06 00:00:00
247,Sam Allardyce,Newcastle United,2007-05-15 00:00:00,15 May 2007,2008-01-09 00:00:00,9 January 2008,2007-05-15 00:00:00
248,Clive Allen,Tottenham Hotspur,2007-10-25 00:00:00,25 October 2007,2007-10-29 00:00:00,29 October 2007,2007-10-25 00:00:00
249,Ray Lewington,Fulham,2007-12-21 00:00:00,21 December 2007,2007-12-30 00:00:00,30 December 2007,2007-12-21 00:00:00
250,Archie Knox,Bolton Wanderers,2007-10-17 00:00:00,17 October 2007,2007-10-25 00:00:00,25 October 2007,2007-10-17 00:00:00
251,Billy Davies,Derby County,2006-06-02 00:00:00,2 June 2006,2007-11-26 00:00:00,26 November 2007,2006-06-02 00:00:00
252,Eric Black,Birmingham City,2007-11-23 00:00:00,23 November 2007,2007-11-27 00:00:00,27 November 2007,2007-11-23 00:00:00
253,Sammy Lee,Bolton Wanderers,2007-04-30 00:00:00,30 April 2007,2007-10-07 00:00:00,7 October 2007,2007-04-30 00:00:00
254,Frank Barlow,Wigan Athletic,2007-11-05 00:00:00,5 November 2007,2007-11-26 00:00:00,26 November 2007,2007-11-05 00:00:00
255,Chris Hutchings,Wigan Athletic,2007-05-14 00:00:00,14 May 2007,2007-11-05 00:00:00,5 November 2007,2007-05-14 00:00:00
256,Nigel Pearson,Newcastle United,2007-05-06 00:00:00,6 May 2007,2007-05-15 00:00:00,15 May 2007,2007-05-06 00:00:00
257,Lawrie Sanchez,Fulham,2007-04-11 00:00:00,11 April 2007,2007-12-21 00:00:00,21 December 2007,2007-04-11 00:00:00
258,Alex Inglethorpe,Tottenham Hotspur,2007-10-25 00:00:00,25 October 2007,2007-10-29 00:00:00,29 October 2007,2007-10-25 00:00:00
259,Martin O'Neill,Aston Villa,2006-08-05 00:00:00,5 August 2006,2010-08-09 00:00:00,9 August 2010,2006-08-05 00:00:00
260,Gareth Southgate,Middlesbrough,2006-06-07 00:00:00,7 June 2006,2009-10-20 00:00:00,20 October 2009,2006-06-07 00:00:00
261,Steve Coppell,Reading,2003-10-09 00:00:00,9 October 2003,2009-05-12 00:00:00,12 May 2009,2003-10-09 00:00:00
262,Alan Curbishley,West Ham United,2006-12-13 00:00:00,13 December 2006,2008-09-03 00:00:00,3 September 2008,2006-12-13 00:00:00
263,Glenn Roeder,Newcastle United,2006-02-02 00:00:00,2 February 2006,2007-05-06 00:00:00,6 May 2007,2006-02-02 00:00:00
264,Aidy Boothroyd,Watford,2005-03-29 00:00:00,29 March 2005,2008-11-03 00:00:00,3 November 2008,2005-03-29 00:00:00
265,Neil Warnock,Sheffield United,1999-12-02 00:00:00,2 December 1999,2007-05-16 00:00:00,16 May 2007,2000-01-01
266,Alan Pardew,Charlton Athletic,2006-12-24 00:00:00,24 December 2006,2008-11-22 00:00:00,22 November 2008,2006-12-24 00:00:00
267,Les Reed,Charlton Athletic,2006-11-14 00:00:00,14 November 2006,2006-12-24 00:00:00,24 December 2006,2006-11-14 00:00:00
268,Kevin Ball,Sunderland,2006-03-07 00:00:00,7 March 2006,2006-05-31 00:00:00,31 May 2006,2006-03-07 00:00:00
269,Iain Dowie,Charlton Athletic,2006-05-30 00:00:00,30 May 2006,2006-11-13 00:00:00,13 November 2006,2006-05-30 00:00:00
270,Harry Redknapp,Portsmouth,2005-12-07 00:00:00,7 December 2005,2008-10-25 00:00:00,25 October 2008,2005-12-07 00:00:00
271,Paul Jewell,Wigan Athletic,2001-06-12 00:00:00,12 June 2001,2007-05-14 00:00:00,14 May 2007,2001-06-12 00:00:00
272,Stuart Pearce,Manchester City,2005-03-21 00:00:00,21 March 2005,2007-05-14 00:00:00,14 May 2007,2005-03-21 00:00:00
273,Alan Pardew,West Ham United,2003-10-20 00:00:00,20 October 2003,2006-12-11 00:00:00,11 December 2006,2003-10-20 00:00:00
274,Alain Perrin,Portsmouth,2005-04-07 00:00:00,7 April 2005,2005-11-24 00:00:00,24 November 2005,2005-04-07 00:00:00
275,Joe Jordan,Portsmouth,2005-11-24 00:00:00,24 November 2005,2005-12-07 00:00:00,7 December 2005,2005-11-24 00:00:00
276,Rafael Benítez,Liverpool,2004-06-16 00:00:00,16 June 2004,2010-06-03 00:00:00,3 June 2010,2004-06-16 00:00:00
277,Mark Hughes,Blackburn Rovers,2004-09-15 00:00:00,15 September 2004,2008-06-03 00:00:00,3 June 2008,2004-09-15 00:00:00
278,Martin Jol,Tottenham Hotspur,2004-11-05 00:00:00,5 November 2004,2007-10-25 00:00:00,25 October 2007,2004-11-05 00:00:00
279,José Mourinho,Chelsea,2004-06-02 00:00:00,2 June 2004,2007-09-20 00:00:00,20 September 2007,2004-06-02 00:00:00
280,Graeme Souness,Newcastle United,2004-09-13 00:00:00,13 September 2004,2006-02-02 00:00:00,2 February 2006,2004-09-13 00:00:00
281,Bryan Robson,West Bromwich Albion,2004-11-09 00:00:00,9 November 2004,2006-09-18 00:00:00,18 September 2006,2004-11-09 00:00:00
282,Harry Redknapp,Southampton,2004-12-08 00:00:00,8 December 2004,2005-12-02 00:00:00,2 December 2005,2004-12-08 00:00:00
283,Nigel Worthington,Norwich City,2000-12-04 00:00:00,4 December 2000,2006-10-02 00:00:00,2 October 2006,2000-01-01
284,Velimir Zajec,Portsmouth,2004-12-24 00:00:00,24 December 2004,2005-04-07 00:00:00,7 April 2005,2004-12-24 00:00:00
285,Iain Dowie,Crystal Palace,2003-12-22 00:00:00,22 December 2003,2006-05-22 00:00:00,22 May 2006,2003-12-22 00:00:00
286,John Carver,Newcastle United,2004-09-11 00:00:00,11 September 2004,2004-09-13 00:00:00,13 September 2004,2004-09-11 00:00:00
287,Steve Wigley,Southampton,2004-08-23 00:00:00,23 August 2004,2004-12-10 00:00:00,10 December 2004,2004-08-23 00:00:00
288,Paul Sturrock,Southampton,2004-03-04 00:00:00,4 March 2004,2004-08-23 00:00:00,23 August 2004,2004-03-04 00:00:00
289,Steve Wigley,Southampton,2004-02-13 00:00:00,13 February 2004,2004-03-04 00:00:00,4 March 2004,2004-02-13 00:00:00
290,Jacques Santini,Tottenham Hotspur,2004-06-03 00:00:00,3 June 2004,2004-11-05 00:00:00,5 November 2004,2004-06-03 00:00:00
291,Frank Burrows,West Bromwich Albion,2004-10-27 00:00:00,27 October 2004,2004-11-08 00:00:00,8 November 2004,2004-10-27 00:00:00
292,Chris Coleman,Fulham,2003-04-17 00:00:00,17 April 2003,2007-04-11 00:00:00,11 April 2007,2003-04-17 00:00:00
293,David O'Leary,Aston Villa,2003-05-20 00:00:00,20 May 2003,2006-07-19 00:00:00,19 July 2006,2003-05-20 00:00:00
294,Harry Redknapp,Portsmouth,2002-03-25 00:00:00,25 March 2002,2004-11-24 00:00:00,24 November 2004,2002-03-25 00:00:00
295,Dave Jones,Wolverhampton Wanderers,2001-01-03 00:00:00,3 January 2001,2004-11-11 00:00:00,11 November 2004,2001-01-03 00:00:00
296,Eddie Gray,Leeds United,2003-11-10 00:00:00,10 November 2003,2004-05-21 00:00:00,21 May 2004,2003-11-10 00:00:00
297,David Pleat,Tottenham Hotspur,2003-09-21 00:00:00,21 September 2003,2004-06-03 00:00:00,3 June 2004,2003-09-21 00:00:00
298,Mick McCarthy,Sunderland,2003-03-12 00:00:00,12 March 2003,2006-03-06 00:00:00,6 March 2006,2003-03-12 00:00:00
299,Trevor Brooking,West Ham United,2003-04-24 00:00:00,24 April 2003,2003-05-12 00:00:00,12 May 2003,2003-04-24 00:00:00
300,Peter Reid,Leeds United,2003-03-21 00:00:00,21 March 2003,2003-11-10 00:00:00,10 November 2003,2003-03-21 00:00:00
301,David Moyes,Everton,2002-03-15 00:00:00,15 March 2002,2013-06-01 00:00:00,1 June 2013,2002-03-15 00:00:00
302,Steve Bruce,Birmingham City,2001-12-12 00:00:00,12 December 2001,2007-11-23 00:00:00,23 November 2007,2001-12-12 00:00:00
303,Kevin Keegan,Manchester City,2001-05-24 00:00:00,24 May 2001,2005-03-11 00:00:00,11 March 2005,2001-05-24 00:00:00
304,Gérard Houllier,Liverpool,2002-03-17 00:00:00,17 March 2002,2004-05-24 00:00:00,24 May 2004,2002-03-17 00:00:00
305,Gary Megson,West Bromwich Albion,2000-03-09 00:00:00,9 March 2000,2004-10-26 00:00:00,26 October 2004,2000-01-01
306,Graham Taylor,Aston Villa,2002-02-05 00:00:00,5 February 2002,2003-05-14 00:00:00,14 May 2003,2002-02-05 00:00:00
307,Terry Venables,Leeds United,2002-07-08 00:00:00,8 July 2002,2003-03-21 00:00:00,21 March 2003,2002-07-08 00:00:00
308,Howard Wilkinson,Sunderland,2002-10-10 00:00:00,10 October 2002,2003-03-10 00:00:00,10 March 2003,2002-10-10 00:00:00
309,Micky Adams,Leicester City,2002-04-07 00:00:00,7 April 2002,2004-10-11 00:00:00,11 October 2004,2002-04-07 00:00:00
310,John Deehan,Aston Villa,2002-01-24 00:00:00,24 January 2002,2002-02-05 00:00:00,5 February 2002,2002-01-24 00:00:00
311,Stuart Gray,Aston Villa,2002-01-24 00:00:00,24 January 2002,2002-02-05 00:00:00,5 February 2002,2002-01-24 00:00:00
312,Billy McEwan,Derby County,2002-01-14 00:00:00,14 January 2002,2002-01-30 00:00:00,30 January 2002,2002-01-14 00:00:00
313,John Gregory,Derby County,2002-01-30 00:00:00,30 January 2002,2003-03-21 00:00:00,21 March 2003,2002-01-30 00:00:00
314,Sam Allardyce,Bolton Wanderers,1999-10-19 00:00:00,19 October 1999,2007-04-29 00:00:00,29 April 2007,2000-01-01
315,Steve McClaren,Middlesbrough,2001-06-12 00:00:00,12 June 2001,2006-05-11 00:00:00,11 May 2006,2001-06-12 00:00:00
316,Graeme Souness,Blackburn Rovers,2000-03-14 00:00:00,14 March 2000,2004-09-06 00:00:00,6 September 2004,2000-01-01
317,Gordon Strachan,Southampton,2001-10-22 00:00:00,22 October 2001,2004-02-13 00:00:00,13 February 2004,2001-10-22 00:00:00
318,Glenn Roeder,West Ham United,2001-05-09 00:00:00,9 May 2001,2003-04-24 00:00:00,24 April 2003,2001-05-09 00:00:00
319,Glenn Hoddle,Tottenham Hotspur,2001-04-02 00:00:00,2 April 2001,2003-09-21 00:00:00,21 September 2003,2001-04-02 00:00:00
320,Jean Tigana,Fulham,2000-07-01 00:00:00,1 July 2000,2003-04-17 00:00:00,17 April 2003,2000-01-01
321,Colin Todd,Derby County,2001-10-08 00:00:00,8 October 2001,2002-01-14 00:00:00,14 January 2002,2001-10-08 00:00:00
322,Dave Bassett,Leicester City,2001-10-10 00:00:00,10 October 2001,2002-04-06 00:00:00,6 April 2002,2001-10-10 00:00:00
323,Phil Thompson,Liverpool,2001-10-14 00:00:00,14 October 2001,2002-03-16 00:00:00,16 March 2002,2001-10-14 00:00:00
324,David Pleat,Tottenham Hotspur,2001-03-16 00:00:00,16 March 2001,2001-04-02 00:00:00,2 April 2001,2001-03-16 00:00:00
325,Stuart Gray,Southampton,2001-03-30 00:00:00,30 March 2001,2001-10-21 00:00:00,21 October 2001,2001-03-30 00:00:00
326,Claudio Ranieri,Chelsea,2000-09-18 00:00:00,18 September 2000,2004-05-31 00:00:00,31 May 2004,2000-01-01
327,Joe Royle,Manchester City,1998-02-18 00:00:00,18 February 1998,2001-05-21 00:00:00,21 May 2001,2000-01-01
328,Peter Taylor,Leicester City,2000-06-12 00:00:00,12 June 2000,2001-09-30 00:00:00,30 September 2001,2000-01-01
329,Terry Venables,Middlesbrough,2000-12-06 00:00:00,6 December 2000,2001-06-12 00:00:00,12 June 2001,2000-01-01
330,Jim Jefferies,Bradford City,2000-11-20 00:00:00,20 November 2000,2001-12-24 00:00:00,24 December 2001,2000-01-01
331,Glenn Hoddle,Southampton,2000-01-28 00:00:00,28 January 2000,2001-03-28 00:00:00,28 March 2001,2000-01-01
332,Chris Hutchings,Bradford City,2000-06-18 00:00:00,18 June 2000,2000-11-06 00:00:00,6 November 2000,2000-01-01
333,Terry Burton,Wimbledon,2000-05-01 00:00:00,1 May 2000,2002-04-25 00:00:00,25 April 2002,2000-01-01
334,Stuart McCall,Bradford City,2000-11-06 00:00:00,6 November 2000,2000-11-20 00:00:00,20 November 2000,2000-01-01
335,Graham Rix,Chelsea,2000-09-13 00:00:00,13 September 2000,2000-09-17 00:00:00,17 September 2000,2000-01-01
336,Ray Wilkins,Chelsea,2000-09-13 00:00:00,13 September 2000,2000-09-17 00:00:00,17 September 2000,2000-01-01
337,Peter Shreeves,Sheffield Wednesday,2000-03-21 00:00:00,21 March 2000,2000-06-21 00:00:00,21 June 2000,2000-01-01
338,Bobby Robson,Newcastle United,1999-09-02 00:00:00,2 September 1999,2004-08-30 00:00:00,30 August 2004,2000-01-01
339,Egil Olsen,Wimbledon,1999-06-09 00:00:00,9 June 1999,2000-05-01 00:00:00,1 May 2000,2000-01-01
340,Graham Taylor,Watford,1996-02-21 00:00:00,21 February 1996,2001-06-01 00:00:00,1 June 2001,2000-01-01
341,Paul Jewell,Bradford City,1998-01-06 00:00:00,6 January 1998,2000-06-18 00:00:00,18 June 2000,2000-01-01
342,John Gregory,Aston Villa,1998-02-25 00:00:00,25 February 1998,2002-01-24 00:00:00,24 January 2002,2000-01-01
343,Walter Smith,Everton,1998-07-01 00:00:00,1 July 1998,2002-03-13 00:00:00,13 March 2002,2000-01-01
344,David O'Leary,Leeds United,1998-10-01 00:00:00,1 October 1998,2002-06-27 00:00:00,27 June 2002,2000-01-01
345,Gérard Houllier,Liverpool,1998-07-01 00:00:00,1 July 1998,2001-10-14 00:00:00,14 October 2001,2000-01-01
346,George Graham,Tottenham Hotspur,1998-10-05 00:00:00,5 October 1998,2001-03-16 00:00:00,16 March 2001,2000-01-01
347,Danny Wilson,Sheffield Wednesday,1998-07-06 00:00:00,6 July 1998,2000-03-21 00:00:00,21 March 2000,2000-01-01
348,Gianluca Vialli,Chelsea,1998-02-12 00:00:00,12 February 1998,2000-09-12 00:00:00,12 September 2000,2000-01-01
349,Alan Curbishley,Charlton Athletic,1991-07-24 00:00:00,24 July 1991,2006-05-08 00:00:00,8 May 2006,2000-01-01
350,Dave Jones,Southampton,1997-06-23 00:00:00,23 June 1997,2000-01-27 00:00:00,27 January 2000,2000-01-01
351,Arsène Wenger,Arsenal,1996-10-01 00:00:00,1 October 1996,2018-05-13 00:00:00,13 May 2018,2000-01-01
352,Jim Smith,Derby County,1995-06-15 00:00:00,15 June 1995,2001-10-07 00:00:00,7 October 2001,2000-01-01
353,Gordon Strachan,Coventry City,1996-11-05 00:00:00,5 November 1996,2001-09-10 00:00:00,10 September 2001,2000-01-01
354,Martin O'Neill,Leicester City,1995-12-21 00:00:00,21 December 1995,2000-06-01 00:00:00,1 June 2000,2000-01-01
355,Peter Reid,Sunderland,1995-03-29 00:00:00,29 March 1995,2002-10-07 00:00:00,7 October 2002,2000-01-01
356,Harry Redknapp,West Ham United,1994-08-10 00:00:00,10 August 1994,2001-05-09 00:00:00,9 May 2001,2000-01-01
357,Bryan Robson,Middlesbrough,1994-05-31 00:00:00,31 May 1994,2000-12-06 00:00:00,6 December 2000,2000-01-01
358,George Burley,Ipswich Town,1994-12-28 00:00:00,28 December 1994,2002-10-11 00:00:00,11 October 2002,2000-01-01
359,Alex Ferguson,Manchester United,1986-11-06 00:00:00,6 November 1986,2013-06-01 00:00:00,1 June 2013,2000-01-01
